"id";"username";"date";"status"
"1";"smith";"28/9/2022";"P"
"2";"mathew";"28/9/2022";"L"
"3";"smith";"25/08/2022";"P"
"4";"mathew";"25/08/2022";"L"
"5";"smith";"24/08/2022";"L"
"6";"mathew";"24/08/2022";"A"
"7";"smith";"23/08/2022";"P"
"8";"mathew";"23/08/2022";"P"
"9";"smith";"22/08/2022";"L"
"10";"mathew";"22/08/2022";"P"
"11";"smith";"21/08/2022";"P"
"12";"mathew";"21/08/2022";"A"
"id";"username";"password";"privilege"
"1";"david";"david123";"manager"
"2";"smith";"smith123";"employee"
"3";"mathew";"mathew123";"employee"
